NOC,Athletics,Swimming,Gymnastics,Cycling,Rowing,Shooting,Fencing,Canoeing,Wrestling,Football,Boxing,Equestrianism,Judo,Basketball,Handball,Volleyball,Weightlifting,Water Polo,Archery,Diving,Tennis,Table Tennis,Badminton,Modern Pentathlon,Sychronized Swimming,Baseball,Rhythmic Gymnastics,Taekwondo,Beach Volleyball,Triathlon,Softball,Rugby Sevens,Trampoling,Golf,Hockey
OMN,0.05664091163093085,0.036551629974873635,,0.0823355470359203,,0.08590679552328975,,,,,0.292691028824794,,,,,,,,,,,,,,,,,,,,,,,,
PLW,0.14154560069919608,0.036551629974873635,,,,,,,,,,,,,,,0.20338185845294757,,,,,,,,,,,,,,,,,,
SOM,0.038950386924659484,,,,,,,,,,,,,,,,,,,,,,,,,,,,,,,,,,
AGO,0.038950386924659484,0.006462043535461509,,,0.00868525583820137,0.0073209095608204235,,0.15768128123291542,,,0.06304547805499744,,0.060249707496080024,0.012766978386990858,0.02304067269108637,,,,,,,,,,,,,,0.0024961169369426476,,,,,,
BDI,0.3943422675308378,0.007021687455826853,,,,,,,,,,,0.06114668448639546,,,,,,,,,,,,,,,,,,,,,,
LBY,0.14154560069919608,0.036551629974873635,,0.0823355470359203,,,,,,,,,0.2121798693040515,,,,0.20338185845294757,,,,,0.0072685319465871645,,,,,,0.3940523922030433,,,,,,,
CAF,0.03553869183781243,0.006462043535461509,,0.008496320078070269,,,,,0.06358180234046154,,0.08269687293811886,,0.035446037861044326,0.005962306842656231,,,,,0.04713857674601118,,,,,,,,,0.1845908226813102,,,,,,,
MRT,0.03300173151452647,,,,,,,,0.06396799678731176,,,,,,,,,,,,,,,,,,,,,,,,,,
SMR,0.12438813005431226,0.08852501113710456,,,,0.19554230007565865,,,,,,,,,,,,,0.21895670883313773,,,,,,,,,,,,,,,,
STP,0.10240937884972195,,,,,,,0.3212009940907808,,,,,,,,,,,,,,,,,,,,,,,,,,,
ABW,0.09735604104974803,0.009820131789800398,,0.04657246169779505,,,,,,,,,0.181608804010663,,,,0.12807898703694146,,,,,,,,,,,,,,,,,,
GNQ,0.04368607103063178,0.006462043535461509,,,,,,,,,,,0.023875306246512386,,,,,,,,,,,,,,,,,,,,,,
BRN,0.12715517350354186,0.05273009092931604,,,,0.2027623315429821,,,,,,,,,,,,,,,,,0.01601937148162578,,,,,,,,,,,,
TKM,0.09735604104974803,0.022176795385657467,,,,0.21617049048994927,,,0.06396799678731176,,0.24560435356965157,,0.11403648406666231,,,,0.19701595185984422,,,,,0.006626747449559909,,,,,,,,,,,,,
ARE,0.08522532784687417,0.028986958881404422,,0.09030483592036995,,0.48806693404877105,,,,0.09161712649271772,,0.12112202190880272,0.4375180541459991,,,,0.11789556732413431,,,,,,,,,,,0.255787861470737,,,,,,,
YEM,0.037042039963231355,0.01898236549571326,0.021171047436296064,,,,,,0.02391894802655922,,,,0.002527133940892709,,,,,,,,,,,,,,,0.15800280444806145,,,,,,,
CPV,0.12136703721519969,,,,,,,,,,0.292691028824794,,0.1890465655008955,,,,,,,,,,,,,,0.07588024452552737,0.23510899147822573,,,,,,,
MDV,0.039678874523226444,0.006289438635137873,,,,,,,,,,,,,,,,,,,,,0.05520481430994175,,,,,,,,,,,,
ARM,0.10242772045625778,0.05279139709902824,0.02891933930442457,0.1400408229370985,,0.19472198300122504,,0.3212009940907808,0.5323075118409945,,0.292691028824794,,0.1890465655008955,,,,0.5992973880007466,,,0.044011253454934986,0.0429639442949455,,,,,,,0.23510899147822573,,,,,,,
ALB,0.13067189239960345,0.05890699391353686,,0.041007603539341964,,0.09399925624701637,,,0.15741958743373563,,,,0.18254630433121244,,,,0.106556001682049,,,,,,,,,,,,,,,,,,
HKG,0.09359480446419817,0.01430956274817195,,0.06354128091226902,0.21603153480732876,0.07370898359314319,0.025443446718734337,0.05059902445410226,,,0.27779368812518207,,0.11545537334047176,,,,,,0.14972711671669237,0.03381928435019355,,0.10743471404945369,0.18980168542326034,,,,,,,,,,,,0.08719009671114775
EGY,0.039678874523226444,0.006289438635137873,0.024250939536627547,0.041007603539341964,0.0038834866437295465,0.02808158858878704,0.051179591703323125,0.1993465364650669,0.1812982841383117,0.009922267402324473,0.2680002442580597,0.08399414150826603,0.16368615513481796,0.00069911250998667,0.004615790843569173,0.027734181275547023,0.08118912617854246,0.039700689515214334,0.04713857674601118,0.044011253454934986,,0.0060793007758821885,0.06364383232543028,0.038088746887191535,0.01274244466070292,,0.07588024452552737,0.24846707210627514,0.0024961169369426476,,,,,,0.00025680045520523316
BOL,0.05646314898101298,0.036551629974873635,0.024596414099248665,0.03160224255919848,,0.0028058004487481357,0.02343673581201805,0.1993465364650669,0.050672140571505375,,0.13534339507450133,0.04009281548808903,0.11910960395423702,,,,0.04968350324817747,,,0.03839740822160634,0.030996326752283032,,,,,,,,,,,,,,
DJI,0.3455409331387192,0.02975244239594283,,,,,,,,,,,0.07325489091922957,,,,,,,,,0.007922216400009867,,,,,,,,,,,,,
LUX,0.04692696048551484,0.006104004667904163,0.017979428892830118,0.03417308052950614,,0.08968409272110364,0.04326713341964967,0.24287266889327397,0.19097845633363467,,0.2739045974932137,,0.16693769763441219,,,,0.20338185845294757,,0.05813585603887096,,0.24060678193542315,0.0027407774977874586,,,,,,,,0.46856324995589527,,,,,
LCA,0.016298299070555508,0.02337962468866477,,,,,,,,,,,,,,,,,,,,,,,,,,,,,,,,,
SWZ,0.013500317374756784,0.00488674848300563,,,,0.003970913365221191,,,,,0.04569111689880614,,,,,,0.018070835272795786,,,,,,,,,,,0.23510899147822573,,,,,,,
WSM,0.016298299070555508,0.0024462566824477185,,0.002306868411788751,,,,0.06343834122457542,0.02391894802655922,,0.09056453816850361,,0.004348928866562971,,,,0.018070835272795786,,0.027845519023936987,,,,,,,,,0.23510899147822573,,,,,,,
AZE,0.09056697833093359,0.022176795385657467,0.023318398462152137,0.04657246169779505,0.09294667436125416,0.7868114737643933,0.012460560957831589,0.5828063188601009,0.7648645912164288,,0.6206942046702161,0.11159693884093254,0.4689039489057126,,,,0.19985088716747398,,0.019608220875819427,0.044011253454934986,,,,,,,0.07588024452552737,0.514180259395012,,0.03767456848293651,,,,,
LBN,0.1195382915077064,0.052281339456382483,,0.1031048906757989,0.22501949912447708,0.22324698371265456,0.12348862435849596,0.3625018701657695,0.16359672226452945,,0.27779368812518207,,0.17287538016256532,,,,0.20338185845294757,,,,,0.0027407774977874586,,,,,,0.2746184621854119,,,,,,,
JOR,0.082590033963725,0.04681938267483623,,,,0.12359305054938899,0.016549276627398617,,0.19097845633363467,,0.2739045974932137,0.16882426765919814,0.1745895567079921,,,,,,0.05813585603887096,,,0.002137771903880126,,,,,,0.41145771971053174,,0.11904743948419591,,,,,
MWI,0.013500317374756784,0.0025136575919653048,,0.03222570333246148,,,,,,,0.10834472235828045,,,,,,,,0.006495656250882018,,,,,,,,,,,,,,,,
KIR,0.03300173151452647,,,,,,,,,,,,,,,,0.08118912617854246,,,,,,,,,,,,,,,,,,
BWA,0.023153064838691825,0.05279139709902824,,,,,,,,,0.1622909707675234,,0.1890465655008955,,,,,,,,,,,,,,,,,,,,,,
MMR,0.037042039963231355,0.01898236549571326,,,0.049563890133440265,0.0337717404785351,,0.02277141532173678,,,,,0.08019709786213347,,,,0.02996386922237377,,0.025419185714957628,,,,,,,,,,,,,,,,
MUS,0.03841166000802628,0.006289438635137873,,0.041007603539341964,,,,,0.15741958743373563,,0.24455769056476445,,0.11127767384710899,,,,0.2491578798056856,,0.04713857674601118,,,0.0060793007758821885,0.06364383232543028,,,,,,0.0024961169369426476,0.03767456848293651,,,,,
MOZ,0.24071652235604452,0.024009913670808937,,,,,,0.02277141532173678,,,0.11575102965637574,,0.024951088600525074,,,,,,,,,,,,,,,,,,,,,,
GMB,0.05827225105250493,0.043106512042870096,,,,,,,0.06358180234046154,,0.24560435356965157,,0.11910960395423702,,,,,,,,,,,,,,,,,,,,,,
KHM,0.013500317374756784,0.002746553490017296,,0.03222570333246148,,,,,0.023768402323328705,,0.18031539391726345,,0.004348928866562971,,,,,,,,,,,,,,,0.23510899147822573,,,,,,,
GNB,0.038950386924659484,,,,,,,,0.06358180234046154,,,,0.11403648406666231,,,,,,,,,,,,,,,,,,,,,,
PRY,0.07333842461419518,0.05279139709902824,,,0.09294667436125416,0.09399925624701637,0.06058894965463918,,,0.8073417884119998,0.24560435356965157,,0.181608804010663,,,,,,,,0.13517257599691582,0.0072685319465871645,,,,,,,,,,,,0.03384653311564443,
NER,0.015991920802582976,0.0025136575919653048,,,0.36870600608495996,,,,,,0.2356561536668297,,0.002527133940892709,,,,,,,,,,,,,,,0.5191414596084474,,,,,,,
UGA,0.23811795629344504,0.0019781877952995608,,0.0066286829237768834,,,,,,,0.30913997173213226,,,,,,0.018070835272795786,,0.05813585603887096,,,0.007922216400009867,0.04990577233521763,,,,,,,,,,,,0.003853502110224604
CMR,0.13630768741517282,0.0227754136293833,,0.0006637412331229063,0.1051993662854435,,,,0.05272245452790906,0.07949351638469525,0.2769401780103177,,0.024951088600525074,,,0.1494551718323085,0.04783949224530234,,,,,0.007922216400009867,,,,,,,,,,,,,
GIN,0.04368607103063178,0.0050897639371298466,,,,,,,0.11750949567088177,,0.08520793963971761,,0.024951088600525074,,,,,,,,,,,,,,,0.15800280444806145,,,,,,,
SYR,0.2529504229962266,0.022176795385657467,,,,0.1927342740525262,,,0.14186949268145602,0.000209852421283222,0.24560435356965157,,0.11403648406666231,,,,0.19701595185984422,,,0.044011253454934986,,,,,,,,,,,,,,,
MDG,0.009317416185925345,0.01898236549571326,,0.03222570333246148,,,,,0.11818190613072574,,0.1622909707675234,,0.003201555881115984,,,,0.02996386922237377,,,,0.005055076175097723,,,,,,,,,,,,,,
MLI,0.03987678501268376,0.0050897639371298466,,,,,,,,0.0004769638180708845,0.06304547805499744,,0.06770886501297256,0.012766978386990858,,,,,,,,,,,,,,0.1845908226813102,,,,,,,
LSO,0.015991920802582976,0.024009913670808937,,0.0006637412331229063,,,,,,,0.04569111689880614,,,,,,,,,,,,,,,,,0.23510899147822573,,,,,,,
LIE,0.011345843747659063,0.01516256087423414,,,,0.04101451795933517,,,,,,,0.0041210730784716895,,,,,,,,0.18451178563400647,,,,,,,,,,,,,,
MNG,0.141269499065249,0.01800159534733638,,0.02396483568691873,,0.40378966474453226,,,0.050984191292407416,,0.6512660144899294,,0.4078558731326872,,,,0.20338185845294757,,0.004544578134936807,,,,,,,,,0.3940523922030433,,,,,,,
GUY,0.037042039963231355,0.01898236549571326,,0.0016631997579581185,,,,,,,0.20292742168859376,,0.048138195712394985,,,,0.02996386922237377,,,,,,,,,,,,,,,,,,
BIH,0.043027633485142665,0.006289438635137873,,,,0.09399925624701637,,0.1993465364650669,0.15741958743373563,,,,0.11127767384710899,,,,,,,,0.14869812527853773,0.0060793007758821885,,,,,,0.1845908226813102,,,,,,,
GTM,0.06905735225247062,0.0050897639371298466,0.020611045191976818,0.021041703951828045,0.00868525583820137,0.053499371203822664,0.06058894965463918,0.15768128123291542,0.06396799678731176,0.009922267402324473,0.24560435356965157,0.11159693884093254,0.181608804010663,,,,0.06911734525436405,,,,,,0.04255626407898637,0.07023345841865083,,,,0.29188442118233465,,,,,,,
GEO,0.09735604104974803,0.022176795385657467,0.023318398462152137,0.04657246169779505,,0.38741787914203785,0.008769752989089852,0.10793980654144092,0.6772423619156945,,0.2890165772188205,,0.5798725980924613,,,,0.6500319003989126,,0.019608220875819427,0.044011253454934986,0.13517257599691582,,,0.07023345841865083,,,0.07588024452552737,,0.03834086436000364,,,,0.3211362461184952,,
RWA,0.04449902887192627,0.02337962468866477,,0.03222570333246148,,,,,,,,,0.048138195712394985,,,,,,,,,,,,,,,,,,,,,,
CRI,0.048088940550299185,0.4506572958320956,,0.021041703951828045,,0.06066019088340155,0.004898851015285899,0.14563940143927356,,0.02661570300451883,0.15790037816443606,,0.08827373127072181,,,,0.08118912617854246,,0.04713857674601118,0.03381928435019355,0.0610209590275921,,,,,,,0.2604401356436151,0.07221338877945724,0.023676956438391968,,,,,
EST,0.3877863077843383,0.036551629974873635,,0.11927554312719628,0.4520615347220797,0.25227805901973516,0.04326713341964967,0.24287266889327397,0.22135996463745627,,,,0.7178172595581878,,,,0.2492504851193417,,0.1196163659441936,,0.12258124052352853,,0.0012821280758816898,0.11134403669471878,,,0.08355516484793309,,0.07221338877945724,0.023676956438391968,,,,,
ROU,0.48671635370009886,0.2689089843195634,0.7804291307113591,0.04657246169779505,0.8219562814955856,0.6226090380053159,0.6580340823979329,0.41321486848268507,0.25077808516407835,,0.6298619350718015,0.11159693884093254,0.4213834824673582,,0.026688863006300727,,0.4681865394743801,0.00833247217280714,0.019608220875819427,0.044011253454934986,0.34802946150174036,0.0072685319465871645,0.04255626407898637,0.07023345841865083,,,0.07588024452552737,,,,,,,,
DOM,0.11621494072157765,0.036551629974873635,0.03530871451025975,0.1031048906757989,,0.10702110214360919,,,0.18456552958676906,,0.22313212859073314,0.16882426765919814,0.06874944990006002,,,0.05060690876363153,0.03880039902816249,,0.03005567708408142,0.03839740822160634,0.0429639442949455,0.0072685319465871645,,,0.01274244466070292,0.0010445411946877839,,0.49117137319564863,,,,,,,
TON,0.016298299070555508,0.0024462566824477185,,,,,,,,,0.2577767859990067,,0.004348928866562971,,,,0.0706284870067977,,0.027845519023936987,,,,,,,,,0.23510899147822573,,,,,,,
TGO,0.04368607103063178,0.0050897639371298466,,0.0006637412331229063,0.00868525583820137,,,0.6885330261357118,,,0.08520793963971761,,0.06770886501297256,,,,,,,,0.0340554205919138,0.006626747449559909,,,,,,,,,,,,,
PRT,0.13898338751950565,0.008605261453535462,0.023318398462152137,0.0038006962343905683,0.04133743959211535,0.05160820704744511,0.016893730047900585,0.29824670698536054,0.12961167847119584,0.0007617664230003329,0.15790037816443606,0.051094778107647065,0.1851481460652528,,,,0.08118912617854246,,0.019608220875819427,0.044011253454934986,0.0610209590275921,0.009305285413951786,0.0006920750429039766,0.030697360004330543,,,0.07588024452552737,0.18747818280259712,0.03834086436000364,0.08850182045255231,,,0.22933808090020769,0.07934323111654655,
ISL,0.1390836219919576,0.008126683024789362,0.09547587121717813,,,0.19554230007565865,,,,,,,0.23863816918805045,,0.47853087238154796,,0.2492504851193417,,,,,,0.11219914697587065,,,,,,,,,,,,
ECU,0.23940052573926493,0.05279139709902824,0.020611045191976818,0.04657246169779505,0.21412781518430468,0.10938310471000819,,0.39998736773468685,0.06396799678731176,,0.0358662257185416,0.21826409249467058,0.12025021153559338,,,,0.10951552544670419,,,0.03839740822160634,0.0429639442949455,0.0072685319465871645,,,,,,0.23510899147822573,,0.023676956438391968,,,,,
PHL,0.021404266667831347,0.0036719159359633624,0.021171047436296064,0.02396483568691873,0.09294667436125416,0.022291625289957928,0.012460560957831589,,0.09216600166646442,,0.28663767050098315,0.11159693884093254,0.048138195712394985,0.0015060978798037753,,,0.052989493890358216,,0.011166145346995629,0.044011253454934986,,0.0060793007758821885,0.04255626407898637,,,,,0.1728683889550292,,,,,,0.03384653311564443,
CUB,0.6772348305749697,0.3060815379300272,0.014837966013175993,0.16174847731500802,0.018461537434894867,0.4164760696105715,0.291450307171169,0.3214843571310066,0.5327786322777756,0.041861328077548283,0.9140777830817721,,0.8078374196937228,0.17273009722208366,0.012622423862634619,0.5040635840845376,0.3719539073000023,0.05231515181591981,0.10210159685273934,0.03381928435019355,,0.009305285413951786,,0.09799155563088192,0.02050782252143747,0.9998159079434976,,0.6263133820555181,0.07221338877945724,,0.00014627140705454522,,,,0.09266520263190182
MKD,0.12136703721519969,0.05279139709902824,,,,0.19472198300122504,,0.317415680036799,0.33683594034906933,,,,0.1890465655008955,,,,,,,,,,,,,,,,,,,,,,
LAO,0.013500317374756784,0.01898236549571326,,0.041007603539341964,,,,,,,0.04569111689880614,,0.11127767384710899,,,,,,0.025419185714957628,,,,,,,,,,,,,,,,
NAM,0.6451688695584518,0.024009913670808937,0.0002145847123795011,0.02396483568691873,,0.0009469856892404617,,,0.06396799678731176,,0.07947669259095623,,,,,,,,,,,,,,,,,,,,,,,,
VNM,0.04449902887192627,0.0024462566824477185,0.02218855488003669,0.002306868411788751,0.025933288441443384,0.5357039591022592,0.004386912159293843,0.030060683155587645,0.31164650267235033,,0.09056453816850361,,0.08066268921249578,,,,0.38631054094024825,,,,,0.0072685319465871645,0.05753401519478713,,,,,0.15800280444806145,,,,,,,
SEN,0.050399093771365526,0.0050897639371298466,,,,0.0028058004487481357,0.06058894965463918,0.15768128123291542,0.016820630441607816,0.009922267402324473,0.11575102965637574,,0.04255797366451529,0.005962306842656231,,,,,,,,0.006626747449559909,,,,,,0.1845908226813102,,,,,,,
SUR,0.06939837644615868,0.3216930415395979,,0.1400408229370985,,,,,,,,,0.1890465655008955,,,,,,,,,,0.001491133338382617,,,,,,,,,,,,
SLB,0.016298299070555508,,,,,,,,,,0.13534339507450133,,0.004348928866562971,,,,0.0706284870067977,,0.05813585603887096,,,,,,,,,,,,,,,,
VUT,0.013500317374756784,,,,0.022678816940342655,,,,,,0.1622909707675234,,0.08019709786213347,,,,,,0.027845519023936987,,,0.0031716931524857525,,,,,,,,,,,,,
GUM,0.1390836219919576,0.10433465133473445,,0.2213703880416737,,,,0.3101601332790701,0.30082877439786326,,,,0.13342054296825898,,,,,,,,,,,,,,,,,,,,,,
ERI,0.3301998123531381,,,,,,,,,,,,,,,,,,,,,,,,,,,,,,,,,,
FSM,0.016298299070555508,0.0024462566824477185,,,,,,,0.06278701656843426,,0.09056453816850361,,,,,,0.0706284870067977,,,,,,,,,,,,,,,,,,
HTI,0.0817997540711348,0.024009913670808937,,,,,,,0.07646123336483504,,0.292691028824794,,0.024951088600525074,,,,0.05822590916215798,,,,0.017619964080184465,,,,,,,0.1845908226813102,,,,,,,
NOR,0.31561229063840673,0.036551629974873635,0.007420544029738573,0.24274979484573378,0.556722694658282,0.1927342740525262,0.024546423543793425,0.5809351359986659,0.14696910431030025,0.09702095244397325,0.13660551340769608,0.12447267096022127,0.15282268903336665,,0.4717861642305068,,0.30538085118400654,,0.06868556135987618,0.03381928435019355,0.14892275323702608,,0.01601937148162578,,,,0.13148062234775154,0.5477435991467514,0.06631847735366297,0.438858258249687,,,,0.19738189824234964,
SLE,0.025537616861187544,0.006462043535461509,,0.003303412559960544,,,,,,,0.11575102965637574,,,,,,0.059869967005457894,,,,,,,,,,,,,,,,,,
PRI,0.12216246605794444,0.004307331485768017,0.03062312124162191,0.04657246169779505,0.1936639655934338,0.018482590112409724,0.016549276627398617,,0.18456552958676906,,0.307411922759146,0.08134130404633076,0.05261657584343385,0.006952543897581696,,,0.04347323505257816,,0.06868556135987618,0.044011253454934986,0.13517257599691582,,,,0.0743918778918783,0.0010445411946877839,,0.1672951430944124,0.0810019409034648,,0.00014627140705454522,,,,
BLZ,0.021861944952021338,,,0.04657246169779505,,0.1927342740525262,,,,,0.24560435356965157,,0.11127767384710899,,,,0.05608355650286459,,,,,,,,,,,0.1845908226813102,,,,,,,
VCT,0.038687422337377625,0.006289438635137873,,,,,,,,,,,,,,,,,,,,,,,,,,,,,,,,,
GRD,0.3673596027420274,0.006289438635137873,,,,,,,,,0.1622909707675234,,,,,,,,,,,,,,,,,0.15800280444806145,,,,,,,
BRB,0.15133208121165118,0.02337962468866477,0.02490732266443096,0.003303412559960544,,0.0337717404785351,,,,,0.1622909707675234,,0.08019709786213347,,,,,,,,0.02455386263468828,,,,,,,,,0.03767456848293651,,,,,
LBR,0.05507553496351598,,,,,,,,,,0.18031539391726345,,,,,,,,,,,,,,,,,,,,,,,,
ATG,0.023713854020851348,0.02337962468866477,,0.003303412559960544,,,,0.030060683155587645,,,0.1622909707675234,,,,,,,,,,,,,,,,,,,,,,,,
TTO,0.6297580015517525,0.15205727299837887,0.02891933930442457,0.016462162415454364,0.19190910366342848,0.1451621296221189,,,,,0.24560435356965157,,0.181608804010663,,,,0.018070835272795786,,,,,0.0072685319465871645,0.06364383232543028,,,,,0.23510899147822573,,,,,,,
LKA,0.14551859441788867,0.0019781877952995608,,0.001160884118695163,,0.026887771358102417,,,0.02391894802655922,,0.09056453816850361,,0.004348928866562971,,,,0.0706284870067977,,,0.029468414122928967,,,0.06364383232543028,,,,,,,,,,,,
MLT,0.10396786416521439,0.06919730537825126,,0.11878097894697198,,0.09392450139146521,,,0.16721111874287437,,,,0.18786295576078754,,,,0.1718290686831812,,0.08724615131173594,,,,,,,,,,,,,,,,
SYC,0.03922873436292882,0.022176795385657467,,,,,,0.10793980654144092,,,0.12382639440838102,,0.181608804010663,,,,0.19701595185984422,,,,,,0.04255626407898637,,,,,,,,,,,,
PNG,0.008635524511015676,0.007021687455826853,,,,0.1451621296221189,,,,,0.0967687991231182,,0.11403648406666231,,,,0.05822590916215798,,,,,,,,,,,0.23510899147822573,,,,,,,
ARG,0.01762416109101958,0.02975244239594283,0.018370237838149058,0.05528080021359865,0.06370131697062369,0.02793666015363969,0.018639998931938295,0.033430142009270594,0.052524732815750826,0.6672447044111769,0.20869441488504842,0.15173323053484655,0.1745895567079921,0.6811798454940093,0.027548997833756375,0.4500880266755635,0.03344686746880565,,0.03005567708408142,0.044011253454934986,0.505234911046545,0.09046479685520117,,0.7600329756928212,0.0743918778918783,,,0.41145771971053174,0.0810019409034648,0.0021006299743193736,,0.11577051710830963,,0.07934323111654655,0.6521819842305839
BHS,0.6938527322033418,0.052049400772760705,,0.0823355470359203,0.29457341323223246,,,,0.07646123336483504,,0.24843168477866717,,,,,,,,,0.044011253454934986,0.13517257599691582,,,,,,,,,,,,,,
IRL,0.09573573155568739,0.3345796452740152,0.0812184597259755,0.009376877629877782,0.060007257713060924,0.0652772214167922,0.04326713341964967,0.07526508820189666,0.1280627124507381,,0.6314710844860212,0.03680075602014278,0.10793215156280649,,,,0.19701595185984422,,0.019608220875819427,0.09400317937627968,0.0429639442949455,,0.0006920750429039766,0.14755929280993965,,,,,,0.37676800379383774,,,,0.07934323111654655,0.0018517165577142008
VIR,0.03904594412461599,0.022144382525262397,,0.1031048906757989,,0.10482107149908593,0.12348862435849596,,0.19097845633363467,,0.21336517699929558,0.16882426765919814,,,,,0.20338185845294757,,,,,,,,,,,,,,,,,,
TLS,0.04449902887192627,,,0.003303412559960544,,,,,,,,,,,,,,,,,,,,,,,,,,,,,,,
NPL,0.010238605664919123,0.0024462566824477185,,,,0.003970913365221191,,,,,0.08814230258560483,,0.004348928866562971,,,,0.04968350324817747,,0.027845519023936987,,,,,,,,,0.23510899147822573,,,,,,,
SAU,0.12572904974579097,0.036551629974873635,,0.04315323399150281,,0.13397065118022913,0.06058894965463918,,,0.007838048325945876,,0.5617462215083797,0.12340923933320998,,,,0.20338185845294757,,0.013893537625604338,,,0.0072685319465871645,,,,,,0.41145771971053174,,,,,,,
BEN,0.03300173151452647,0.0050897639371298466,,0.008496320078070269,,,0.06058894965463918,,,,0.11575102965637574,,0.06770886501297256,,,,,,,,0.0340554205919138,,,,,,,0.1845908226813102,,,,,,,
BGD,0.013500317374756784,0.0019781877952995608,0.02490732266443096,,,0.030929963096581515,,,,,,,,,,,,,0.10254685203580942,,,,,,,,,,,,,,,0.03384653311564443,
FJI,0.024084191611856143,0.0050897639371298466,,0.021041703951828045,,0.1927342740525262,,,,0.0007617664230003329,0.15790037816443606,,0.15800319025851753,,,,0.19701595185984422,,0.019608220875819427,,,0.0072685319465871645,,,,,,,,,,0.7233996087903681,,,
ZAF,0.4196341285921085,0.47726315849160716,0.024596414099248665,0.018826100628098974,0.308515769993903,0.006433106245328898,0.010674316265635258,0.08338959037564883,0.0760057379572622,0.000884171746384064,0.2705212288744937,0.03571958330797755,0.11910960395423702,,,,0.04783949224530234,0.00964239666946086,0.004544578134936807,0.03839740822160634,0.5096173930414605,0.007922216400009867,0.0011527429899919261,0.07023345841865083,0.01274244466070292,0.006156228177057625,0.11997985855341148,0.23510899147822573,0.027737282572595338,0.25478206612807325,,0.9619243632621557,,0.07934323111654655,9.179063922357612e-06
KGZ,0.04449902887192627,0.02337962468866477,,0.003303412559960544,,0.0337717404785351,0.007856491549232597,0.1993465364650669,0.26814621261462274,,0.14579654733581954,,0.21927170141617655,,,,0.11312645117701772,,,,,,,0.1664198104884609,,,,0.15800280444806145,,,,,,,
TCD,0.014560708274052628,,,,,,,,,,0.18031539391726345,,0.003201555881115984,,,,,,,,,,,,,,,,,,,,,,
KEN,0.7785550082547041,0.0025136575919653048,,0.0004631396493929382,0.36870600608495996,0.030085224216484435,,,0.02391894802655922,,0.4094191548869391,,0.08019709786213347,,,0.002084097366651931,0.01532378040374488,,0.027845519023936987,,,,,,,,,0.23510899147822573,,,,0.0625759993245524,,,0.0002605051177681608
THA,0.006066987970746313,0.02337962468866477,,0.001160884118695163,0.09294667436125416,0.007840629633213593,0.007638195405193368,0.10793980654144092,,0.00020830452105750162,0.6091013083740815,0.11159693884093254,0.08019709786213347,,,,0.7900481852209058,,0.019608220875819427,0.027685293933304416,0.14869812527853773,0.0072685319465871645,0.025032113340217994,,,,,0.6680239644135525,,,,,,0.03384653311564443,
FIN,0.456670611684667,0.07339131706511327,0.6585497766052884,0.01659878583890061,0.37437637155745557,0.35721119732792356,0.07663470023363149,0.10790480764785342,0.3605136693562865,0.041861328077548283,0.5229769492980312,0.08064124649606128,0.05277926823207431,0.07484500527884352,,,0.32130441611522986,,0.5742482350354319,0.09400317937627968,0.034837497307411945,0.0027407774977874586,0.05520481430994175,0.4928635867204414,0.03101014115533484,,0.08365669240949883,0.25131567750995687,,,,,,0.19738189824234964,
COG,0.04389811179984751,0.043106512042870096,,,,,0.010674316265635258,,,,0.13534339507450133,,0.06114668448639546,,0.05795266952816249,,,,,,,0.007922216400009867,,,,,,,,,,,,,
AUS,0.44184053833013914,0.8093922214976105,0.002876101515336186,0.7677006120300237,0.47533827000178724,0.34772598167938634,0.017857972502948353,0.579853858943677,0.03427919424304239,0.0020844320393690443,0.15758568061011427,0.35516007821674894,0.1745895567079921,0.11221852263219956,0.044706808301080585,0.029144683573166942,0.14665637179327332,0.05908619454662349,0.6634359178403199,0.524277341558218,0.6100725891064797,0.002597730773003252,0.018023757606667253,0.1672990871684174,0.03101014115533484,0.45957324318776893,0.041623481532614276,0.34417615148097447,0.4348170302029954,0.8164299889772954,0.9713878793351498,0.7068893398530326,0.15824721817460263,0.07934323111654655,0.7326651076507722
PAN,0.28844954527646927,0.022176795385657467,0.025774214099185174,,,0.19472198300122504,0.009276688678618894,0.3212009940907808,0.11118127342964061,,0.24560435356965157,,0.1900135464375051,0.00069911250998667,,,0.12787969835187454,,,,,,,,,,,0.14269837158344997,,,,,,,
JAM,0.7903483565689503,0.02483885833501206,0.02076937602593358,0.19303886431156386,,0.1927342740525262,,,,,0.059868107469537725,0.11159693884093254,,,,,0.19701595185984422,,,0.044011253454934986,,0.0072685319465871645,0.04255626407898637,,,,,0.29188442118233465,,0.03767456848293651,,,,,
SDN,0.18810987077374197,0.01898236549571326,,,,0.003970913365221191,,,,9.628946970598557e-06,0.04569111689880614,,0.048138195712394985,,,,0.01532378040374488,,,,,0.007922216400009867,,,,,,,,,,,,,
COM,0.037042039963231355,0.01898236549571326,,,,,,,,,,,,,,,0.02996386922237377,,,,,,,,,,,,,,,,,,
TZA,0.015991920802582976,0.01898236549571326,,,,,,,,,0.04569111689880614,,0.048138195712394985,,,,,,,,,,,,,,,,,,,,,,
JPN,0.16530282865408527,0.524954124237166,0.7758458725594382,0.18096806836798238,0.015369240460611253,0.3271001224990997,0.10124197585980148,0.11861948797711673,0.8256706142283071,0.9448245560150683,0.4210963230109403,0.0019961984762534393,0.8984069700948267,0.00010416323916332094,0.07034986017569564,0.07554542470050826,0.11154922904340316,0.00263139717418105,0.49137432319304264,0.012139022805311811,0.028966537775690616,0.09980416014675178,0.160541095241908,0.16085218972523113,0.8716820074529211,0.23499096110437886,0.021406952861380755,0.44042699563606097,0.02765874233212323,0.009754911391203897,0.9574251056877604,0.06020066889631993,0.07283995258458882,0.17434156907253262,0.01970852037432454
GBR,0.6241309784834298,0.3577566932704527,0.2605133921906089,0.5907520579919883,0.6783900868474245,0.4419846428466461,0.1051332064902192,0.41968127304030506,0.16224313033547136,0.04231906690800171,0.6084419838022084,0.5853789571203423,0.48179547702645575,0.06491228231786093,0.044706808301080585,0.025059023044901214,0.13245668012071288,0.059679257434665886,0.08827235003874935,0.4230661959068336,0.5393258435307211,0.002597730773003252,0.3523618996712454,0.587194327460974,0.02050782252143747,,0.07217292755462013,0.5636192213082878,0.042489218630156714,0.8574239583694485,,0.7214684399503362,0.12524084195352464,0.7739405152639458,0.24187215478186924
KOR,0.11376466038800513,0.08569634725942175,0.40008714915186866,0.012802453796612493,0.02028864863738117,0.4684477625462394,0.261941978857203,0.03070856803868447,0.8034041052937145,0.5681806151798853,0.4338476363041892,0.03802528873240617,0.8373179179274877,0.16307417758771806,0.701705083581576,0.35067319888662285,0.2142962802231423,0.06083542604356194,0.9567824218908767,0.044011253454934986,0.06421058038782247,0.7966717312810173,0.7919214838296256,0.14259506608854644,0.013028944940508642,0.994703386788954,0.08355516484793309,0.9297346948774822,,0.5304100720931721,,,,0.7085413649491598,0.3552370129007987
TUR,0.20661010326055326,0.025144794419529538,0.03530871451025975,0.0823355470359203,0.15617555956303925,0.07674464789364147,0.012460560957831589,0.24287266889327397,0.7082902278465139,0.0002849539181446027,0.3837212019473174,0.08081764594580443,0.18837702641340728,0.01312472415771685,,0.05060690876363153,0.679693452221673,,0.00342643726169965,0.03839740822160634,0.12258124052352853,0.0072685319465871645,0.033914482408287774,0.11134403669471878,,,,0.7990921030264074,,,,,,,
PER,0.034236693251544215,0.023610253398681856,0.07010317972086082,0.07566156485016884,0.24090409727882364,0.016284345460959873,0.04326713341964967,0.24287266889327397,0.04966305887942332,9.700513506618443e-06,0.2739045974932137,0.16882426765919814,0.2121798693040515,0.011617142605202408,,0.44461446333329757,0.20338185845294757,,,0.044011253454934986,0.12258124052352853,0.0072685319465871645,0.033914482408287774,0.11134403669471878,,,,0.3940523922030433,,,,,,,
IDN,0.013563545274200986,0.030035155993869998,,0.002466680012896862,0.22673437629933943,0.08701119933840847,0.01341922700737924,0.026934548871665725,0.1111192069055212,,0.10914640260396162,,0.16888715070523308,,,,0.2930154203717684,,0.3622749459275753,0.03619015802554224,0.0049079174486179305,0.013235271714701178,0.7074296372311935,,,,,0.2938048895579329,0.17371632598981687,,,,,,
NGA,0.6384035350696629,0.006462043535461509,,,0.25172905889742825,,,0.05534561472327611,0.012443548719578559,0.6100099437733071,0.27871632046500167,,0.035446037861044326,0.00031414695296352066,0.026564200177378153,,0.3387725420576045,,,,0.02455386263468828,0.015802096131685806,0.05753401519478713,,,,,0.1845908226813102,,,,,,,
TJK,0.41614678379444003,0.02337962468866477,,,,0.0337717404785351,,,0.2777971929426939,,0.3076452637067287,,0.3155020359153043,,,,0.11312645117701772,,0.10254685203580942,0.024101402001276428,,,,,,,,0.15800280444806145,,,,,,,
DNK,0.3711110066019617,0.19986228366901201,0.05753050754411867,0.615002443293275,0.6714206454527892,0.32500518510417375,0.12348862435849596,0.40312475530785047,0.16359672226452945,0.15516607472055743,0.2115312872569266,0.19471598803795734,0.12340923933320998,,0.4141414528969423,,0.0931988593196815,,0.025093653066924557,0.044011253454934986,0.034837497307411945,0.6614683208525571,0.3823203531166133,0.059116889417939626,,,0.05113933757580163,0.255787861470737,,0.25490210373496325,,,0.12524084195352464,0.19738189824234964,0.12355265818874979
MDA,0.03022576940075442,0.006289438635137873,,0.041007603539341964,,0.6465260789751166,,0.5486088358022715,0.17879005168758946,,0.5931120838127834,,0.11127767384710899,,,,0.36437681818901446,,0.04713857674601118,,0.14869812527853773,,,,,,,0.1845908226813102,,,,,,,
BGR,0.3638161842539846,0.13946163091820074,0.33925326050656585,0.123353222300964,0.44612711427732515,0.7135106422321709,0.04326713341964967,0.6032712687308791,0.654145333695599,,0.6300580390492864,0.42292840854241803,0.4253449864469022,0.7503651693769283,,0.5132819355771697,0.8275126804481996,0.14098976997809706,0.06868556135987618,0.044011253454934986,0.5501409238081992,0.0072685319465871645,0.033914482408287774,0.1664198104884609,0.02050782252143747,,0.6934284208173278,,0.07221338877945724,,,,,,
PAK,0.037042039963231355,0.008567430855830682,,0.0004631396493929382,0.049563890133440265,0.0057962848177712115,,,0.2190459599793427,,0.1622909707675234,,0.10286346587476268,,,,0.025455752912496552,,,,,0.007922216400009867,,,,,,,,,,,,,0.03537465944725901
AFG,0.0024298610384901396,,,,,,,,0.05548836030304019,,0.09056453816850361,,0.002527133940892709,,,,,,,,,,,,,,,0.5170720307402765,,,,,,,
KWT,0.042744294761385596,0.062083867552704786,,,0.1936639655934338,0.5349591620725633,0.031134242799753523,,,0.02259291136721936,0.2165886608833575,,0.055005542815142895,,0.012622423862634619,,0.2838389059885272,,,0.044011253454934986,,0.09046479685520117,,,,,,0.21113065443762077,,,,,,,
GHA,0.01905160942619553,0.01800159534733638,,,,,,,,0.1386870854823391,0.15098320655394035,,0.11403648406666231,,,,0.05608355650286459,,,,,0.006626747449559909,,,,,,,,,,,,,
BHR,0.3025482618265579,0.04681938267483623,,0.1031048906757989,,0.21832873261703192,0.12348862435849596,,0.2953504535634962,,,,,,,,,,,,,,,0.1534543760428673,,,,,,,,,,,
SWE,0.3796388249350574,0.3319396850383032,0.005310988221054642,0.7000315739629197,0.02031082038508855,0.3758485973053788,0.3712915809910099,0.5099917006770635,0.4961050170379446,0.1740991245898273,0.44587533467954327,0.3043646031174261,0.051542644889341065,0.012307549117177657,0.621014000737704,0.025059023044901214,0.20338185845294757,0.039700689515214334,0.13260944941039152,0.25624757963284617,0.7281581857790552,0.3286991142543148,0.030558099198750993,0.1900192171559726,0.03101014115533484,,0.16003092583714532,0.1726251765331432,0.042489218630156714,0.7880899565075072,,,,0.7739398926407485,
IRQ,0.049109954400536594,0.036551629974873635,,0.008496320078070269,0.15617555956303925,0.2027623315429821,,,0.07406118726469925,0.0008246626644217265,0.09629073938637162,,0.2121798693040515,,,,0.12150528285457929,,0.05813585603887096,,,0.007922216400009867,,,,,,0.3940523922030433,,,,,,,
QAT,0.1687166917408139,0.10433465133473445,,,,0.21563626352359516,0.03348510281606499,,,0.02259291136721936,0.36642696237254857,0.05667244755988992,0.14239523155460687,,0.043696657848394556,,0.451071099751597,,0.14972711671669237,,,0.11315708185370303,,,,,,0.12658507625619805,0.10468403060530615,,,,,,
TUN,0.31819547917745655,0.47679414881236803,0.02891933930442457,0.1400408229370985,0.19190910366342848,0.19472198300122504,0.2123805561933478,0.211665650169837,0.1280627124507381,0.0032038692814313307,0.2079110164379924,,0.04825638480597104,0.07484500527884352,0.00837280842627102,0.00727478723965328,0.16558120256015915,,,,0.0429639442949455,0.0072685319465871645,,,,,,0.23510899147822573,0.027737282572595338,,,,,,
URY,0.05254576025723477,0.024250712727539047,,0.14614789460353575,0.05918791129795564,0.22324698371265456,0.12348862435849596,0.1993465364650669,,0.10303019533998245,0.27779368812518207,0.16882426765919814,0.1869043937871325,0.012307549117177657,,,0.20338185845294757,,,0.044011253454934986,0.13517257599691582,,,0.7850796275379318,,,,,,,,,,,
GAB,0.08170327113453212,0.038185929750694965,,,,,,,,0.0021703716728596395,0.1616315564852413,,0.10928019089905318,,,,,,,,,,,,,,,0.41145771971053174,,,,,,,
COL,0.16239641860544551,0.008970811877162678,0.03530871451025975,0.27130333693445896,0.15617555956303925,0.005264181438345053,0.04326713341964967,,0.3136033314909009,0.000492130367065378,0.4389545579649911,0.075119034844586,0.48177638772867115,,,,0.41863814862976706,,0.05813585603887096,0.044011253454934986,0.12258124052352853,0.0072685319465871645,,,0.02050782252143747,,,0.3940523922030433,,0.03767456848293651,,0.11296321200246758,,0.03384653311564443,
SLV,0.08973415004395266,0.006462043535461509,,0.008496320078070269,0.19190910366342848,0.0028058004487481357,,,0.18456552958676906,0.0004629502643114366,0.24560435356965157,,0.181608804010663,,,,0.20338185845294757,,0.06868556135987618,,0.0429639442949455,,,,,,,,,,,,,,
COD,0.03300173151452647,0.006462043535461509,,0.002306868411788751,,,,,,,0.08520793963971761,,0.024951088600525074,0.012766978386990858,,,,,,,,0.006626747449559909,,,,,,0.1845908226813102,,,,,,,
CHL,0.02493631330180702,0.052281339456382483,0.03062312124162191,0.04549648426589674,0.06110169702064009,0.2842951434641213,0.06058894965463918,0.3625018701657695,0.19464729960616037,0.8926499076655903,0.09474566273800365,0.009652810821053733,0.17549859259465894,,,,0.34010600995580054,,0.0540031306375178,,0.7440976560527507,0.0027407774977874586,,0.054952393194261144,,,,0.2746184621854119,0.0810019409034648,0.03336606569757366,,,,0.07934323111654655,
VEN,0.024652366164311247,0.036551629974873635,0.07010317972086082,0.026991044612617376,0.22501949912447708,0.2614511348029911,0.12348862435849596,0.2875604517005447,0.07834536756274839,0.007838048325945876,0.32661233544579565,0.16882426765919814,0.04397641000046788,0.012307549117177657,,0.05958601343664672,0.20338185845294757,,0.03005567708408142,0.044011253454934986,0.13517257599691582,0.002137771903880126,,,0.013028944940508642,,,0.41145771971053174,0.03834086436000364,0.11904743948419591,0.02252101892103731,,,,
AUT,0.2726510190613744,0.13620253530965365,0.014673007331550992,0.010917419299028815,0.17825991859037926,0.48499705837119045,0.014563001487701434,0.2157915466106505,0.03315751780233495,,0.10197069135976713,0.2675468007777983,0.4113568312759288,,0.02607647965151434,,0.056833850143412974,,0.06868556135987618,0.024679934562114657,0.05323450808986437,0.009305285413951786,0.0012821280758816898,0.054361209737953116,0.017555251721708274,,0.0613243748971636,0.18747818280259712,0.030775079572901865,0.466112432638364,,,,0.07934323111654655,0.006109168130549954
HND,0.039678874523226444,0.022176795385657467,,,0.09294667436125416,0.1927342740525262,0.04326713341964967,,0.1280627124507381,0.0007617664230003329,0.24560435356965157,,0.06770886501297256,,,,0.19701595185984422,,,,,0.0072685319465871645,,,,,,0.29188442118233465,,,,,,,
NIC,0.09735604104974803,0.05279139709902824,,0.02396483568691873,,0.21617049048994927,,,0.050984191292407416,,0.24560435356965157,,0.181608804010663,,,,0.19701595185984422,,,,,,,,,0.0010445411946877839,,0.29188442118233465,,,,,,,
CAN,0.36630645057360367,0.410660328750748,0.014479944713024589,0.5256698297381145,0.49521004189621853,0.10172913619244216,0.005883700409458695,0.3277339607847939,0.39838170035361686,0.9105144982167526,0.42676345721291925,0.22418367573717918,0.19786492788184926,0.0019444562967217826,0.012622423862634619,0.013807316200033464,0.20338185845294757,0.0018437379713191209,0.020763894789858486,0.3198213063225249,0.08342340973513843,0.0027407774977874586,0.02511316855837861,0.06337519020688667,0.7498334323284309,0.049607714960891655,0.10314849202371994,0.2944171680139998,0.25473027015845795,0.5803356865912614,0.009352934989341475,0.9587513935340023,0.8430893073675041,0.19738189824234964,0.01204562503168831
ISR,0.0327615324983242,0.013439649364311284,0.028587328014692468,0.2213703880416737,,0.02625339794818762,0.10994152525462829,0.25967791342604724,0.08283291571252015,0.007838048325945876,0.2165886608833575,,0.4484827758347355,,,,0.13005176176837352,,,,0.10803981123754518,0.11315708185370303,0.11219914697587065,,0.16306783420754362,,0.040833958083908044,0.1672951430944124,,0.06444401873576983,,,,0.07934323111654655,
MEX,0.3336515843754882,0.036551629974873635,0.008157070660970617,0.049200379753503005,0.0322095631434229,0.033180169115683576,0.15622997926755994,0.027217463414077953,0.07384863924603868,0.22605046534043416,0.4870848210568512,0.049034913264158916,0.05426797785047978,0.001369047352165201,,0.029144683573166942,0.2164615310646236,0.04700984079203661,0.2928555409290925,0.3852868526733735,0.10572191856487859,0.0027407774977874586,0.05520481430994175,0.11134403669471878,0.02050782252143747,,,0.6927775692132605,0.03834086436000364,0.03767456848293651,,,,0.19738189824234964,0.00023244584024164621
ETH,0.7320454725712092,0.0019781877952995608,,0.0066286829237768834,,,,,,,0.13534339507450133,,,,,,,,,,,,,,,,,,,,,,,,
UZB,0.019614462301950436,0.006289438635137873,0.3190881471452433,0.041007603539341964,0.0038834866437295465,0.09352541817225338,0.04326713341964967,0.036028369069339324,0.571718874567198,,0.7029907866791338,,0.4849324136237112,,,,0.2673412437629926,,,,0.14869812527853773,0.0060793007758821885,,,,,0.07588024452552737,0.13811683260435176,,,,,0.43209868696207515,,
DZA,0.4715810775534193,0.0050897639371298466,0.00020879042124239184,0.10228010993086109,0.15414041446337098,0.2027623315429821,0.024546423543793425,,0.10366896147658004,0.08955968549145348,0.3485819469107623,,0.2132340646400735,,0.007101535825413596,0.014615534016070813,0.03086298142713571,,,,0.0429639442949455,0.0072685319465871645,0.001491133338382617,,,,,0.3940523922030433,,,,,0.43209868696207515,,
BEL,0.3754926059994364,0.11841376117169755,0.015650613805535677,0.3478544208210246,0.18072476335826565,0.28285460411155366,0.02953040832363412,0.0189979831921524,0.14174223453927617,0.08678734540174914,0.283787586239198,0.22120034468043695,0.5982677487158419,,,0.006287960857520212,0.2838389059885272,0.0002728323291149031,0.07486753300123941,0.044011253454934986,0.5932289862241817,0.10787455819727869,0.11219914697587065,0.7850796275379318,0.0743918778918783,,0.040833958083908044,0.1672951430944124,0.10468403060530615,0.05102591919486999,,,,0.07934323111654655,0.32218627553042123
BRA,0.4173804761726008,0.27969986512038914,0.2957224436203884,0.022142557666241437,0.015611791359771492,0.21691671849008742,0.041657490045853236,0.3240789886124737,0.07453854255776826,0.8352453454370833,0.36544893620565466,0.3855121804191074,0.6533022083579773,0.08864140472495803,6.198813847219698e-05,0.5097653831909253,0.13927427582793028,0.002979842418727966,0.059278002330159625,0.041495220549648396,0.026644407969617447,0.0042889933798727345,0.05701539734900863,0.07023345841865083,0.0005016244839192414,,0.05622783798775858,0.4525730927669615,0.8710061501436299,0.0942064910663183,,0.007090421441115896,0.4171583578637699,0.32131049757612573,0.07705815178248084
ZMB,0.146527152792312,0.006462043535461509,,,,,0.005368003869828435,,0.06278701656843426,0.0004629502643114366,0.08269687293811886,,0.035446037861044326,,,,,,,,,,0.05520481430994175,,,,,,,,,,,,
BFA,0.015991920802582976,0.0025136575919653048,,,,,0.0034484547554831397,,,,0.04569111689880614,,0.048138195712394985,,,,,,,,,,,,,,,,,,,,,,
POL,0.37439742632784173,0.15163206056889397,0.5494262298628811,0.22339394709013533,0.4505867850299843,0.6014726132317326,0.562462957995831,0.46870475890590824,0.505842337188995,0.9780527722993952,0.26402441777705943,0.04317827729651615,0.25345574450857267,0.07484500527884352,0.021729807621003922,0.012262847851367553,0.651477380517767,,0.3242808578011109,0.044011253454934986,0.04058594266873794,0.0072685319465871645,0.001491133338382617,0.6971805927395731,,,0.07588024452552737,0.23510899147822573,0.027737282572595338,0.023676956438391968,,,,,0.006109168130549954
CYP,0.030473350260620796,0.04086710570623594,0.025774214099185174,0.10228010993086109,,0.07891271442508972,,,0.2258229097439077,,,,0.1416681351706865,,,,0.11789556732413431,,0.1196163659441936,,0.05323450808986437,,,,,,0.06018462776178425,,,,,,,,
SVK,0.09735604104974803,0.249951627232021,0.023318398462152137,0.039301869851677246,0.09294667436125416,0.6673541200657855,,0.7470698988828457,0.2383729548855173,0.0007617664230003329,0.24560435356965157,,0.3686826045634896,0.011617142605202408,,,0.20617338126533696,0.00833247217280714,0.03553643699066633,,0.03609039582377051,0.009305285413951786,0.04255626407898637,,0.02050782252143747,,,,,0.009901029605400765,,,0.43209868696207515,,
SRB,0.20830291201091702,0.15333890569188846,,0.04657246169779505,0.09294667436125416,0.3757107353657493,,0.23350420491130927,0.3899694119963246,0.0007617664230003329,0.24560435356965157,,0.181608804010663,0.9815811919494943,0.02850400637456989,0.41201571665807496,,0.9884948580130062,,,0.2865949509873311,0.0072685319465871645,,,,,,0.5150212961641998,,,,,,,
CZE,0.45688806077227884,0.014752992832500592,0.02382085380122004,0.13274763347065655,0.2337997226197514,0.6805398729983104,0.04326713341964967,0.5303435988174863,0.08853068738661897,0.041861328077548283,0.28516874706063755,0.11159693884093254,0.2121798693040515,0.006737992741177643,0.012622423862634619,,0.14468967964301538,0.06083542604356194,0.08630353065306197,0.044011253454934986,0.5722130571423477,0.0072685319465871645,0.033914482408287774,0.5483838952630392,0.02050782252143747,,0.08355516484793309,,0.07221338877945724,0.44868739624006615,,,0.3242165514753393,0.07934323111654655,
CIV,0.08118422923711609,0.0227754136293833,,,,,0.005640668019368256,0.09213687713334816,0.050672140571505375,9.700513506618443e-06,0.08269687293811886,,0.035446037861044326,,0.009629174195370146,,,,0.019608220875819427,,0.0340554205919138,,,,,,,0.41140503256488536,,,,,,,
IRN,0.21155463704940125,0.012515950097301198,0.021602232203074164,0.055913411983661704,0.15617555956303925,0.008713773148062117,0.04326713341964967,0.24287266889327397,0.6415751890929567,9.700513506618443e-06,0.026181941458597435,0.21826409249467058,0.09004569424949714,0.01312472415771685,,0.02463267220287513,0.46496125902690866,0.00964239666946086,0.05813585603887096,0.03839740822160634,,0.009305285413951786,0.033914482408287774,,,,,0.7417616485567599,,,,,,,
MNE,0.04254367728396776,0.05890699391353686,,0.1400408229370985,0.12850068034951315,0.5381659388585881,0.016549276627398617,0.16933025766797935,0.18456552958676906,0.0032038692814313307,0.292691028824794,,0.1900135464375051,0.06493626552507924,0.6333714768840351,0.6968673128648223,,0.7018262333868229,,,0.0429639442949455,0.0072685319465871645,,,,,,,,,,,,,
NZL,0.5291920041510633,0.10099516614409379,0.02035873400736576,0.5150312057273232,0.6576467981995705,0.4063074337252764,0.04326713341964967,0.6896443540298856,0.11533209216585999,0.020612071293378064,0.34332621157022913,0.6656862608436519,0.09499523266484992,0.041675775330390664,,,0.06716887627319604,,0.04527204953301298,0.03381928435019355,0.1637149849713486,0.002597730773003252,0.030558099198750993,0.44502717541221476,0.013028944940508642,,0.10293206560761398,0.18989983313420414,0.03834086436000364,0.06910090573758636,0.02252101892103731,0.7068893398530328,0.24923576294177144,0.8113864478243995,0.13796075679103145
CHN,0.22376043408348684,0.4126056440554905,0.9030598961734121,0.07228391855254021,0.0359435186537432,0.8800708960179414,0.12061620760088575,0.051168067671729385,0.3224665415798005,0.039465573035160066,0.6932239404731451,0.13987430140954915,0.5852427990173347,0.011617142605202408,0.014015470363972929,0.821672276061833,0.7059036796600108,0.013706360705143193,0.21752436482359394,0.894318627604247,0.09209069361037116,0.9593767058454016,0.7803743290010943,0.17968383599882184,0.02050782252143747,0.010613884899851014,0.07588024452552737,0.756048981496607,0.42188492622043794,0.03767456848293651,0.029421133886592274,,0.8031842356793106,0.6533127889060093,0.6507368665912582
MAR,0.3808474411661258,0.05279139709902824,0.0002145847123795011,0.021041703951828045,,0.0009469856892404617,0.016549276627398617,0.10793980654144092,0.026237707041887912,0.0004769638180708845,0.26072292433019706,0.21826409249467058,0.08099572090911906,0.012766978386990858,,,0.19701595185984422,,0.019608220875819427,,0.13517257599691582,0.007922216400009867,,0.1664198104884609,,,,0.11164998530828464,,,,,,0.03384653311564443,
FRA,0.4368277330088833,0.610975159760562,0.09564128537883622,0.5173866784950539,0.28285215478004627,0.3399613308518621,0.810651588990856,0.562296360735857,0.31889638538649745,0.3501117168581596,0.5924865260020475,0.5896711621411492,0.7534673486893615,0.6190065492755457,0.7493263165166398,0.021165740397869563,0.22579857986205715,0.02565153775318798,0.3110072602935126,0.017060519249997234,0.4820999349085235,0.1860009855713509,0.01242773203878251,0.5853554360720366,0.05908777149140499,,0.06638605616432448,0.6936142906717667,0.07420159849221628,0.1441625301052095,,0.060200668896319774,0.24923576294177144,0.19738189824234964,0.041895125658774714
GRC,0.3264995434478073,0.05437524415903792,0.41454896801224095,0.06189617967895075,0.23752780151881892,0.21697430685455435,0.024546423543793425,0.11596783917795082,0.49621229059654376,0.048496850896526444,0.06573132660670535,0.08188663468816043,0.29739227516924344,0.04245696507097896,0.051598631192222764,0.021165740397869563,0.5649967115472911,0.2155980349035421,0.08630353065306197,0.33881618302535177,0.0818910485431753,0.008822654815835074,0.01601937148162578,0.033160435349941245,0.02050782252143747,0.054219084848904656,0.2815519548433597,0.5873641920666736,0.07972281315337153,0.24655051600322134,0.019234813637758377,,0.17309349561537116,,
UKR,0.416838881976009,0.16667891411571306,0.5651925129103251,0.40752318154826656,0.3802806317449391,0.5449121911182403,0.5669360738554609,0.5982071466380638,0.5338400913577743,,0.7524341161389608,0.06686062174070573,0.2973555430524085,0.07484500527884352,0.9699311326646549,0.027340506024262766,0.5526398739497398,0.1193208257894059,0.5494135995702645,0.25325484253375113,0.032091674651685276,0.0072685319465871645,0.033914482408287774,0.5753770910708095,0.017555251721708274,,0.38795744619147854,0.23510899147822573,,0.03767456848293651,,,0.46813702878175883,,
HUN,0.22208100302103945,0.4932039678966956,0.3286986193288687,0.0988278823100421,0.04264017578637849,0.21315599186261375,0.6016421031169524,0.8804603892736977,0.4220923290460985,0.0032038692814313307,0.5049168201796648,0.12417970741395808,0.43086486014479036,,0.5729375686565963,,0.36363875955198,0.6202669325809543,0.06868556135987618,0.044011253454934986,0.04093205554244455,0.0072685319465871645,0.033914482408287774,0.7087838960997193,0.017555251721708274,,0.07588024452552737,0.23510899147822573,,0.03767456848293651,,,,,
CHE,0.08030214613738743,0.048669728703878576,0.06421754866445746,0.5860001507002263,0.21556005773582793,0.43973963083587764,0.6010131069203362,0.10793980654144092,0.08578354833944295,0.09700629445444868,0.19261766575054803,0.6911426049093775,0.4101912277744648,,0.043696657848394556,,0.2492504851193417,,0.019608220875819427,0.10523014565330861,0.6153225972426634,0.009305285413951786,0.02929417631796363,0.06666566851775012,0.017555251721708274,,0.11997985855341148,0.2604401356436151,0.09052374565118887,0.7573838243905314,,,0.17309349561537116,0.07934323111654655,0.09264423283581374
ITA,0.42152525419791764,0.2561189132657843,0.2581473774181279,0.7331694526437447,0.4519482547209146,0.6825779457736016,0.6903976735164864,0.3809414498204646,0.30033221447632796,0.04533719420505219,0.6751526151432787,0.43581735518035253,0.4991860414425499,0.8608053045886677,,0.5380298136647252,0.2991522055967161,0.7134998807328895,0.5716522708502786,0.6126108881607865,0.010581166348639363,0.008822654815835074,0.01601937148162578,0.2985731053360309,0.029628516843795322,0.0022215081038083557,0.5367513436778885,0.5299515282815661,0.1992041234913523,0.10729418785135234,0.019234813637758377,,0.17309349561537116,0.07934323111654655,0.006109168130549954
MYS,0.06684510966916447,0.010942790889951667,0.02891933930442457,0.006047285702334775,,0.060156828386632444,0.04326713341964967,0.10793980654144092,0.11818190613072574,0.01021968788741253,0.1622909707675234,,0.048138195712394985,,,,0.02996386922237377,,0.05813585603887096,0.302042340798709,,0.0072685319465871645,0.10741689139300166,,,,,0.3940523922030433,,,,,,0.03384653311564443,0.00013348236996894584
LVA,0.2281701888691744,0.05279139709902824,0.5650900265332622,0.36889439321533524,0.15617555956303925,0.19472198300122504,0.04326713341964967,0.3212009940907808,0.18456552958676906,,0.2739045974932137,,0.32190135691205135,0.07484500527884352,,,0.48270396952428213,,,,0.0429639442949455,0.0072685319465871645,,0.5618455838152004,,,,,0.6040584310665068,,,,,,
HRV,0.5311274447845804,0.046864154464348134,0.41264089210211286,0.1713535038472556,0.6716204568306066,0.46675047647122736,0.009276688678618894,0.07001079009175393,0.21855601810512926,,0.30739761262805987,0.11159693884093254,0.1900135464375051,0.06067129319608743,0.7975708198763577,0.1358686436909881,0.8096169046612999,0.529317826562501,,0.03381928435019355,0.4305193549383096,0.009305285413951786,,,,,,0.5794142311911554,,,,,,,
ESP,0.2451351066933911,0.15426582907519149,0.23216774743098376,0.46805148435127614,0.10407452800027006,0.17037344261373366,0.019181798353671883,0.5364552624944396,0.17663667562695967,0.2992302052134535,0.3136636428504029,0.14968265173120135,0.3620234248213771,0.8355024236230677,0.5214500959369729,0.02463267220287513,0.2492504851193417,0.5806819912126093,0.44462439712443047,0.03322178505453607,0.7382125838612001,0.008822654815835074,0.35220481166282863,0.04917376371836264,0.7342269695443386,0.06225508122226448,0.6209302466212542,0.5082583711397793,0.4204952831891679,0.5304100720931721,,0.060200668896320135,,0.19738189824234964,0.5048341546118251
SVN,0.347034237384421,0.07336446080509684,0.03148886265837031,0.06346585742969972,0.32399379097429665,0.5840679007126081,,0.27992071684183983,,,,,0.5780058069028423,,0.02361258451316977,,,,0.02969727422481266,,0.11370197561741854,0.008822654815835074,0.02019660971979796,,,,,0.23630492700631264,,0.24655051600322134,,,,,
LTU,0.32124475276916914,0.07356141639051417,0.02891933930442457,0.1400408229370985,0.5153748444886743,0.6465181495121954,,0.39589506238247457,0.41173582102820805,,0.292691028824794,,0.1890465655008955,0.6161188896915378,,,0.46903728030101144,,,,0.0429639442949455,0.0072685319465871645,0.001491133338382617,0.7902287159902605,,,0.07588024452552737,,,,,,,,
IND,0.0051280338136904,0.033062739644647884,0.018232571699954316,0.003420235223891549,0.12984538465420042,0.5240868801006515,,,0.6188458052834372,0.0003559715100511973,0.44016672712987426,0.11778394900051775,0.048138195712394985,0.01661079093409914,,,0.3511475905414768,,0.016913549930725556,0.06851858844846485,0.08399696725463834,0.015802096131685806,0.38092141662583145,,,,,,,,,,,0.14229945302772842,0.029734888950047802
ZWE,0.025230562075047622,0.24354172560125711,,0.001160884118695163,0.049563890133440265,0.030929963096581515,,,,0.01021968788741253,0.13534339507450133,0.01639248806875468,0.024951088600525074,,,,0.018070835272795786,,0.025419185714957628,0.025659786926219924,0.02455386263468828,,,,,,,,,0.03767456848293651,,,,,0.9365246779483054
BLR,0.46267868263061107,0.19211797779003423,0.237827036026348,0.16499551025555584,0.524139438143994,0.547811698019798,0.04326713341964967,0.7511050526859763,0.5272318071204217,0.041861328077548283,0.3415368242694871,0.11159693884093254,0.3106465689163824,0.01312472415771685,,,0.6796340258495128,,0.05813585603887096,0.044011253454934986,0.5382732602435777,0.0072685319465871645,0.033914482408287774,0.39698236176467366,0.02050782252143747,,0.7505617914880326,,,,,,0.3242165514753393,,
DEU,0.46459404876628246,0.6370743402794735,0.301193592241459,0.7680025345846876,0.6907853971161272,0.6328119726762689,0.6294507224415149,0.8909910265553898,0.48513704566411,0.953012797014222,0.6301219331940777,0.8414586464077005,0.6320635154982166,0.002578929961924683,0.5321883723783025,0.0022136119980276504,0.5456606561409425,0.006108076575309214,0.6503336388186607,0.4971992459215376,0.7421818731940922,0.747197631097981,0.01242773203878251,0.16515296617135933,0.08652014868580236,,0.03524923641903455,0.32409069408325936,0.49199327719994274,0.6027941323536326,,,0.28731848067193755,0.17434156907253262,0.8381678401063595
NLD,0.18355230389911764,0.6421454483829876,0.2195073889351238,0.5829447133494797,0.5920352146314859,0.19472198300122504,0.25626145347734025,0.33663906451968273,0.3359274092685134,0.10305984977389979,0.5575924983440755,0.4715813083700521,0.6456073250361372,,0.043696657848394556,0.4228310236933724,0.20338185845294757,0.3260523467245641,0.12390608524213273,0.044011253454934986,0.45765962001795735,0.008822654815835074,0.2267753564106547,0.1664198104884609,0.04830541900133298,0.020382154118478383,,0.2687175210288942,0.36640596068843007,0.08880178122247302,0.08085603577711149,,0.24923576294177144,0.07934323111654655,0.3185997040970663
USA,0.8580369578879639,0.9647310661718215,0.721013952710438,0.006308301798577358,0.39962610668939347,0.7666983780695328,0.21438778941091485,0.34585397449593863,0.7502232112454492,0.017814433121881804,0.8299151511881623,0.8243906093599179,0.5351751456576656,0.9888429704002576,0.00026768965255711847,0.6526057304441683,0.3322743196624633,0.7899127541938505,0.7162403612859958,0.8890226592965661,0.8449770601348212,0.0054954565320001845,0.03862499921426687,0.4723638130861964,0.776596875143149,0.9686679462885577,0.018103383930813788,0.7739454477572341,0.780621263817458,0.5304100720931721,0.9996800106636672,0.05309728442022089,0.11869297487203011,0.740499353323599,0.004372221898565724
KAZ,0.2676190940164358,0.07277497259493715,0.019815629447821233,0.3879735525148166,0.09294667436125416,0.41452480053207424,0.008769752989089852,0.02778137570745846,0.712914351235643,,0.7982021284024924,,0.2988556649090021,,0.02850400637456989,0.124537836301297,0.8608027158301363,0.023013952754119788,0.004544578134936807,0.03839740822160634,0.13517257599691582,0.0072685319465871645,,0.4901784950475541,0.02050782252143747,,0.07588024452552737,0.29188442118233465,,0.14069281247734103,,,0.43209868696207515,,
RUS,0.73694813009706,0.5006146897731688,0.7890424159527826,0.5429300993972149,0.37666424078000454,0.8799503061521953,0.8381970682097722,0.5860860711463043,0.9245899196427346,,0.8386248427500433,0.10391804528298204,0.695790113638365,0.8777850233672204,0.8046481122968562,0.7288955825820195,0.9475042516019597,0.8527895399211158,0.1905111800682415,0.7619687448216454,0.6715054127310567,0.015802096131685806,0.27433217336704735,0.849720152788692,0.4564728489934038,,0.9791920436572671,0.5662077053495659,0.07221338877945724,0.03767456848293651,,,0.3242165514753393,0.03384653311564443,
BTN,,,,,,0.09399925624701637,,,,,,,,,,,,,0.04713857674601118,,,,,,,,,,,,,,,,
